ts_code,symbol,name,area,industry
000001.SZ,000001,平安银行,深圳,银行
000002.SZ,000002,万科Ａ,深圳,全国地产
000009.SZ,000009,中国宝安,深圳,电气设备
000021.SZ,000021,深科技,深圳,元器件
000027.SZ,000027,深圳能源,深圳,火力发电
000032.SZ,000032,深桑达Ａ,深圳,建筑工程
000034.SZ,000034,神州数码,深圳,软件服务
000039.SZ,000039,中集集团,深圳,运输设备
000050.SZ,000050,深天马Ａ,深圳,元器件
000060.SZ,000060,中金岭南,深圳,铅锌
000062.SZ,000062,深圳华强,深圳,元器件
000063.SZ,000063,中兴通讯,深圳,通信设备
000088.SZ,000088,盐田港,深圳,港口
000100.SZ,000100,TCL科技,广东,元器件
000155.SZ,000155,川能动力,四川,新型电力
000157.SZ,000157,中联重科,湖南,工程机械
000166.SZ,000166,申万宏源,新疆,证券
000301.SZ,000301,东方盛虹,江苏,化纤
000333.SZ,000333,美的集团,广东,家用电器
000338.SZ,000338,潍柴动力,山东,汽车配件
000400.SZ,000400,许继电气,河南,电气设备
000408.SZ,000408,藏格矿业,青海,农药化肥
000415.SZ,000415,渤海租赁,新疆,多元金融
000423.SZ,000423,东阿阿胶,山东,中成药
000425.SZ,000425,徐工机械,江苏,工程机械
000429.SZ,000429,粤高速Ａ,广东,路桥
000513.SZ,000513,丽珠集团,广东,化学制药
000519.SZ,000519,中兵红箭,湖南,专用机械
000528.SZ,000528,柳工,广西,工程机械
000537.SZ,000537,绿发电力,天津,新型电力
000538.SZ,000538,云南白药,云南,中成药
000539.SZ,000539,粤电力Ａ,广东,火力发电
000559.SZ,000559,万向钱潮,浙江,汽车配件
000568.SZ,000568,泸州老窖,四川,白酒
000582.SZ,000582,北部湾港,广西,港口
000591.SZ,000591,太阳能,重庆,新型电力
000596.SZ,000596,古井贡酒,安徽,白酒
000598.SZ,000598,兴蓉环境,四川,水务
000617.SZ,000617,中油资本,新疆,多元金融
000623.SZ,000623,吉林敖东,吉林,中成药
000625.SZ,000625,长安汽车,重庆,汽车整车
000629.SZ,000629,钒钛股份,四川,小金属
000630.SZ,000630,铜陵有色,安徽,铜
000651.SZ,000651,格力电器,广东,家用电器
000657.SZ,000657,中钨高新,海南,小金属
000661.SZ,000661,长春高新,吉林,生物制药
000683.SZ,000683,博源化工,内蒙,化工原料
000703.SZ,000703,恒逸石化,广西,化纤
000708.SZ,000708,中信特钢,湖北,特种钢
000709.SZ,000709,河钢股份,河北,普钢
000723.SZ,000723,美锦能源,山西,焦炭加工
000725.SZ,000725,京东方Ａ,北京,元器件
000728.SZ,000728,国元证券,安徽,证券
000729.SZ,000729,燕京啤酒,北京,啤酒
000733.SZ,000733,振华科技,贵州,元器件
000737.SZ,000737,北方铜业,山西,铜
000738.SZ,000738,航发控制,江苏,航空
000739.SZ,000739,普洛药业,浙江,化学制药
000750.SZ,000750,国海证券,广西,证券
000768.SZ,000768,中航西飞,陕西,航空
000776.SZ,000776,广发证券,广东,证券
000783.SZ,000783,长江证券,湖北,证券
000785.SZ,000785,居然智家,湖北,百货
000786.SZ,000786,北新建材,北京,其他建材
000792.SZ,000792,盐湖股份,青海,农药化肥
000800.SZ,000800,一汽解放,吉林,汽车整车
000807.SZ,000807,云铝股份,云南,铝
000825.SZ,000825,太钢不锈,山西,特种钢
000830.SZ,000830,鲁西化工,山东,化工原料
000831.SZ,000831,中国稀土,江西,小金属
000858.SZ,000858,五粮液,四川,白酒
000878.SZ,000878,云南铜业,云南,铜
000883.SZ,000883,湖北能源,湖北,水力发电
000887.SZ,000887,中鼎股份,安徽,汽车配件
000893.SZ,000893,亚钾国际,广东,农药化肥
000895.SZ,000895,双汇发展,河南,食品
000898.SZ,000898,鞍钢股份,辽宁,普钢
000921.SZ,000921,海信家电,广东,家用电器
000932.SZ,000932,华菱钢铁,湖南,普钢
000937.SZ,000937,冀中能源,河北,煤炭开采
000938.SZ,000938,紫光股份,北京,IT设备
000951.SZ,000951,中国重汽,山东,汽车整车
000959.SZ,000959,首钢股份,北京,普钢
000960.SZ,000960,锡业股份,云南,小金属
000963.SZ,000963,华东医药,浙江,化学制药
000967.SZ,000967,盈峰环境,浙江,环境保护
000975.SZ,000975,山金国际,内蒙,黄金
000977.SZ,000977,浪潮信息,山东,IT设备
000983.SZ,000983,山西焦煤,山西,煤炭开采
000987.SZ,000987,越秀资本,广东,多元金融
000988.SZ,000988,华工科技,湖北,专用机械
000997.SZ,000997,新大陆,福建,IT设备
000999.SZ,000999,华润三九,深圳,中成药
001203.SZ,001203,大中矿业,内蒙,普钢
001221.SZ,001221,悍高集团,广东,家居用品
001280.SZ,001280,中国铀业,北京,小金属
001286.SZ,001286,陕西能源,陕西,火力发电
001309.SZ,001309,德明利,深圳,半导体
001386.SZ,001386,马可波罗,广东,家居用品
001389.SZ,001389,广合科技,广东,元器件
001391.SZ,001391,国货航,北京,仓储物流
001696.SZ,001696,宗申动力,重庆,摩托车
001965.SZ,001965,招商公路,天津,路桥
001979.SZ,001979,招商蛇口,深圳,全国地产
002001.SZ,002001,新和成,浙江,化学制药
002007.SZ,002007,华兰生物,河南,生物制药
002008.SZ,002008,大族激光,深圳,专用机械
002025.SZ,002025,航天电器,贵州,元器件
002027.SZ,002027,分众传媒,上海,广告包装
002028.SZ,002028,思源电气,上海,电气设备
002032.SZ,002032,苏泊尔,浙江,家用电器
002044.SZ,002044,美年健康,浙江,医疗保健
002049.SZ,002049,紫光国微,河北,半导体
002050.SZ,002050,三花智控,浙江,家用电器
002056.SZ,002056,横店东磁,浙江,电气设备
002064.SZ,002064,华峰化学,浙江,化纤
002065.SZ,002065,东华软件,北京,软件服务
002074.SZ,002074,国轩高科,安徽,电气设备
002078.SZ,002078,太阳纸业,山东,造纸
002085.SZ,002085,万丰奥威,浙江,汽车配件
002120.SZ,002120,韵达股份,浙江,仓储物流
002126.SZ,002126,银轮股份,浙江,汽车配件
002130.SZ,002130,沃尔核材,深圳,电气设备
002131.SZ,002131,利欧股份,浙江,互联网
002138.SZ,002138,顺络电子,深圳,元器件
002142.SZ,002142,宁波银行,浙江,银行
002152.SZ,002152,广电运通,广东,IT设备
002153.SZ,002153,石基信息,北京,软件服务
002155.SZ,002155,湖南黄金,湖南,黄金
002157.SZ,002157,正邦科技,江西,农业综合
002179.SZ,002179,中航光电,河南,元器件
002185.SZ,002185,华天科技,甘肃,半导体
002195.SZ,002195,岩山科技,上海,软件服务
002202.SZ,002202,金风科技,新疆,电气设备
002203.SZ,002203,海亮股份,浙江,铜
002223.SZ,002223,鱼跃医疗,江苏,医疗保健
002230.SZ,002230,科大讯飞,安徽,软件服务
002236.SZ,002236,大华股份,浙江,IT设备
002241.SZ,002241,歌尔股份,山东,元器件
002244.SZ,002244,滨江集团,浙江,区域地产
002252.SZ,002252,上海莱士,上海,生物制药
002261.SZ,002261,拓维信息,湖南,软件服务
002262.SZ,002262,恩华药业,江苏,化学制药
002265.SZ,002265,建设工业,云南,专用机械
002266.SZ,002266,浙富控股,浙江,环境保护
002271.SZ,002271,东方雨虹,北京,其他建材
002273.SZ,002273,水晶光电,浙江,元器件
002281.SZ,002281,光迅科技,湖北,通信设备
002299.SZ,002299,圣农发展,福建,农业综合
002304.SZ,002304,洋河股份,江苏,白酒
002311.SZ,002311,海大集团,广东,饲料
002312.SZ,002312,川发龙蟒,四川,化工原料
002318.SZ,002318,久立特材,浙江,特种钢
002335.SZ,002335,科华数据,福建,电气设备
002340.SZ,002340,格林美,深圳,小金属
002352.SZ,002352,顺丰控股,深圳,仓储物流
002353.SZ,002353,杰瑞股份,山东,化工机械
002371.SZ,002371,北方华创,北京,半导体
002384.SZ,002384,东山精密,江苏,元器件
002402.SZ,002402,和而泰,深圳,元器件
002407.SZ,002407,多氟多,河南,化工原料
002409.SZ,002409,雅克科技,江苏,半导体
002410.SZ,002410,广联达,北京,软件服务
002414.SZ,002414,高德红外,湖北,电器仪表
002415.SZ,002415,海康威视,浙江,IT设备
002422.SZ,002422,科伦药业,四川,化学制药
002423.SZ,002423,中粮资本,河南,多元金融
002429.SZ,002429,兆驰股份,深圳,家用电器
002430.SZ,002430,杭氧股份,浙江,化工机械
002432.SZ,002432,九安医疗,天津,医疗保健
002436.SZ,002436,兴森科技,深圳,元器件
002444.SZ,002444,巨星科技,浙江,轻工机械
002460.SZ,002460,赣锋锂业,江西,小金属
002461.SZ,002461,珠江啤酒,广东,啤酒
002463.SZ,002463,沪电股份,江苏,元器件
002465.SZ,002465,海格通信,广东,通信设备
002466.SZ,002466,天齐锂业,四川,小金属
002472.SZ,002472,双环传动,浙江,汽车配件
002475.SZ,002475,立讯精密,深圳,元器件
002487.SZ,002487,大金重工,辽宁,电气设备
002493.SZ,002493,荣盛石化,浙江,化纤
002500.SZ,002500,山西证券,山西,证券
002508.SZ,002508,老板电器,浙江,家用电器
002517.SZ,002517,恺英网络,福建,互联网
002532.SZ,002532,天山铝业,新疆,铝
002558.SZ,002558,巨人网络,重庆,互联网
002568.SZ,002568,百润股份,上海,红黄酒
002583.SZ,002583,海能达,深圳,通信设备
002594.SZ,002594,比亚迪,深圳,汽车整车
002600.SZ,002600,领益智造,广东,元器件
002601.SZ,002601,龙佰集团,河南,化工原料
002602.SZ,002602,世纪华通,浙江,互联网
002603.SZ,002603,以岭药业,河北,中成药
002608.SZ,002608,江苏国信,江苏,火力发电
002624.SZ,002624,完美世界,浙江,互联网
002625.SZ,002625,光启技术,深圳,航空
002648.SZ,002648,卫星化学,浙江,化工原料
002670.SZ,002670,国盛证券,江西,证券
002673.SZ,002673,西部证券,陕西,证券
002683.SZ,002683,广东宏大,广东,化工原料
002709.SZ,002709,天赐材料,广东,化工原料
002714.SZ,002714,牧原股份,河南,农业综合
002736.SZ,002736,国信证券,深圳,证券
002738.SZ,002738,中矿资源,北京,小金属
002739.SZ,002739,万达电影,北京,影视音像
002756.SZ,002756,永兴材料,浙江,小金属
002773.SZ,002773,康弘药业,四川,化学制药
002797.SZ,002797,第一创业,深圳,证券
002812.SZ,002812,恩捷股份,云南,电气设备
002821.SZ,002821,凯莱英,天津,生物制药
002831.SZ,002831,裕同科技,深圳,广告包装
002837.SZ,002837,英维克,深圳,专用机械
002841.SZ,002841,视源股份,广东,元器件
002850.SZ,002850,科达利,深圳,电气设备
002851.SZ,002851,麦格米特,深圳,电气设备
002916.SZ,002916,深南电路,深圳,元器件
002920.SZ,002920,德赛西威,广东,汽车配件
002926.SZ,002926,华西证券,四川,证券
002938.SZ,002938,鹏鼎控股,深圳,元器件
002939.SZ,002939,长城证券,深圳,证券
002945.SZ,002945,华林证券,西藏,证券
002966.SZ,002966,苏州银行,江苏,银行
002984.SZ,002984,森麒麟,山东,汽车配件
003021.SZ,003021,兆威机电,深圳,元器件
003022.SZ,003022,联泓新科,山东,化工原料
003031.SZ,003031,中瓷电子,河北,元器件
003035.SZ,003035,南网能源,广东,新型电力
003816.SZ,003816,中国广核,深圳,新型电力
300001.SZ,300001,特锐德,山东,电气设备
300002.SZ,300002,神州泰岳,北京,互联网
300003.SZ,300003,乐普医疗,北京,医疗保健
300012.SZ,300012,华测检测,深圳,电器仪表
300014.SZ,300014,亿纬锂能,广东,电气设备
300015.SZ,300015,爱尔眼科,湖南,医疗保健
300017.SZ,300017,网宿科技,上海,软件服务
300024.SZ,300024,机器人,辽宁,专用机械
300033.SZ,300033,同花顺,浙江,软件服务
300037.SZ,300037,新宙邦,深圳,化工原料
300054.SZ,300054,鼎龙股份,湖北,化工原料
300058.SZ,300058,蓝色光标,北京,广告包装
300059.SZ,300059,东方财富,上海,证券
300073.SZ,300073,当升科技,北京,电气设备
300100.SZ,300100,双林股份,浙江,汽车配件
300115.SZ,300115,长盈精密,深圳,元器件
300122.SZ,300122,智飞生物,重庆,生物制药
300124.SZ,300124,汇川技术,深圳,电器仪表
300136.SZ,300136,信维通信,深圳,元器件
300140.SZ,300140,节能环境,陕西,环境保护
300142.SZ,300142,沃森生物,云南,生物制药
300144.SZ,300144,宋城演艺,浙江,旅游景点
300146.SZ,300146,汤臣倍健,广东,食品
300207.SZ,300207,欣旺达,深圳,电气设备
300223.SZ,300223,北京君正,北京,半导体
300251.SZ,300251,光线传媒,北京,影视音像
300274.SZ,300274,阳光电源,安徽,电气设备
300285.SZ,300285,国瓷材料,山东,陶瓷
300308.SZ,300308,中际旭创,山东,通信设备
300316.SZ,300316,晶盛机电,浙江,专用机械
300339.SZ,300339,润和软件,江苏,软件服务
300346.SZ,300346,南大光电,江苏,半导体
300373.SZ,300373,扬杰科技,江苏,半导体
300383.SZ,300383,光环新网,北京,软件服务
300390.SZ,300390,天华新能,江苏,电气设备
300394.SZ,300394,天孚通信,江苏,通信设备
300395.SZ,300395,菲利华,湖北,玻璃
300408.SZ,300408,三环集团,广东,元器件
300413.SZ,300413,芒果超媒,湖南,影视音像
300418.SZ,300418,昆仑万维,北京,互联网
300432.SZ,300432,富临精工,四川,汽车配件
300433.SZ,300433,蓝思科技,湖南,元器件
300442.SZ,300442,润泽科技,河北,软件服务
300450.SZ,300450,先导智能,江苏,专用机械
300454.SZ,300454,深信服,深圳,软件服务
300458.SZ,300458,全志科技,广东,半导体
300474.SZ,300474,景嘉微,湖南,元器件
300475.SZ,300475,香农芯创,安徽,元器件
300476.SZ,300476,胜宏科技,广东,元器件
300487.SZ,300487,蓝晓科技,陕西,化工原料
300496.SZ,300496,中科创达,北京,软件服务
300498.SZ,300498,温氏股份,广东,农业综合
300502.SZ,300502,新易盛,四川,通信设备
300548.SZ,300548,长芯博创,浙江,通信设备
300558.SZ,300558,贝达药业,浙江,化学制药
300567.SZ,300567,精测电子,湖北,电器仪表
300570.SZ,300570,太辰光,深圳,通信设备
300604.SZ,300604,长川科技,浙江,半导体
300620.SZ,300620,光库科技,广东,通信设备
300623.SZ,300623,捷捷微电,江苏,半导体
300627.SZ,300627,华测导航,上海,通信设备
300628.SZ,300628,亿联网络,福建,通信设备
300661.SZ,300661,圣邦股份,北京,半导体
300666.SZ,300666,江丰电子,浙江,半导体
300676.SZ,300676,华大基因,深圳,医疗保健
300677.SZ,300677,英科医疗,山东,医疗保健
300679.SZ,300679,电连技术,深圳,元器件
300699.SZ,300699,光威复材,山东,化纤
300718.SZ,300718,长盛轴承,浙江,机械基件
300724.SZ,300724,捷佳伟创,深圳,专用机械
300735.SZ,300735,光弘科技,广东,元器件
300748.SZ,300748,金力永磁,江西,矿物制品
300750.SZ,300750,宁德时代,福建,电气设备
300751.SZ,300751,迈为股份,江苏,专用机械
300757.SZ,300757,罗博特科,江苏,专用机械
300759.SZ,300759,康龙化成,北京,化学制药
300760.SZ,300760,迈瑞医疗,深圳,医疗保健
300763.SZ,300763,锦浪科技,浙江,电气设备
300803.SZ,300803,指南针,北京,软件服务
300832.SZ,300832,新产业,深圳,医疗保健
300857.SZ,300857,协创数据,深圳,IT设备
300866.SZ,300866,安克创新,湖南,元器件
300888.SZ,300888,稳健医疗,深圳,医疗保健
300896.SZ,300896,爱美客,北京,医疗保健
300919.SZ,300919,中伟新材,贵州,电气设备
300953.SZ,300953,震裕科技,浙江,电气设备
300957.SZ,300957,贝泰妮,云南,日用化工
300972.SZ,300972,万辰集团,福建,食品
300999.SZ,300999,金龙鱼,上海,食品
301165.SZ,301165,锐捷网络,福建,通信设备
301200.SZ,301200,大族数控,深圳,专用机械
301236.SZ,301236,软通动力,北京,软件服务
301269.SZ,301269,华大九天,北京,半导体
301301.SZ,301301,川宁生物,新疆,化学制药
301308.SZ,301308,江波龙,深圳,半导体
301358.SZ,301358,湖南裕能,湖南,电气设备
301377.SZ,301377,鼎泰高科,广东,机械基件
301498.SZ,301498,乖宝宠物,山东,饲料
301526.SZ,301526,国际复材,重庆,玻璃
301536.SZ,301536,星宸科技,福建,半导体
301606.SZ,301606,绿联科技,深圳,元器件
301611.SZ,301611,珂玛科技,江苏,半导体
302132.SZ,302132,中航成飞,陕西,电器仪表
600000.SH,600000,浦发银行,上海,银行
600004.SH,600004,白云机场,广东,机场
600008.SH,600008,首创环保,北京,水务
600009.SH,600009,上海机场,上海,机场
600010.SH,600010,包钢股份,内蒙,普钢
600011.SH,600011,华能国际,北京,火力发电
600015.SH,600015,华夏银行,北京,银行
600016.SH,600016,民生银行,北京,银行
600018.SH,600018,上港集团,上海,港口
600019.SH,600019,宝钢股份,上海,普钢
600021.SH,600021,上海电力,上海,火力发电
600023.SH,600023,浙能电力,浙江,火力发电
600025.SH,600025,华能水电,云南,水力发电
600026.SH,600026,中远海能,上海,水运
600027.SH,600027,华电国际,山东,火力发电
600028.SH,600028,中国石化,北京,石油加工
600029.SH,600029,南方航空,广东,空运
600030.SH,600030,中信证券,深圳,证券
600031.SH,600031,三一重工,北京,工程机械
600032.SH,600032,浙江新能,浙江,新型电力
600036.SH,600036,招商银行,深圳,银行
600038.SH,600038,中直股份,黑龙江,航空
600039.SH,600039,四川路桥,四川,建筑工程
600048.SH,600048,保利发展,广东,全国地产
600050.SH,600050,中国联通,北京,电信运营
600060.SH,600060,海信视像,山东,家用电器
600061.SH,600061,国投资本,上海,证券
600062.SH,600062,华润双鹤,北京,化学制药
600066.SH,600066,宇通客车,河南,汽车整车
600085.SH,600085,同仁堂,北京,中成药
600089.SH,600089,特变电工,新疆,电气设备
600095.SH,600095,湘财股份,黑龙江,证券
600098.SH,600098,广州发展,广东,火力发电
600100.SH,600100,同方股份,北京,IT设备
600104.SH,600104,上汽集团,上海,汽车整车
600105.SH,600105,永鼎股份,江苏,通信设备
600109.SH,600109,国金证券,四川,证券
600111.SH,600111,北方稀土,内蒙,小金属
600115.SH,600115,中国东航,上海,空运
600118.SH,600118,中国卫星,北京,航空
600126.SH,600126,杭钢股份,浙江,普钢
600131.SH,600131,国网信通,四川,通信设备
600132.SH,600132,重庆啤酒,重庆,啤酒
600141.SH,600141,兴发集团,湖北,农药化肥
600143.SH,600143,金发科技,广东,塑料
600150.SH,600150,中国船舶,上海,船舶
600153.SH,600153,建发股份,福建,仓储物流
600157.SH,600157,永泰能源,山西,火力发电
600160.SH,600160,巨化股份,浙江,化工原料
600161.SH,600161,天坛生物,北京,生物制药
600166.SH,600166,福田汽车,北京,汽车整车
600170.SH,600170,上海建工,上海,建筑工程
600171.SH,600171,上海贝岭,上海,半导体
600176.SH,600176,中国巨石,浙江,玻璃
600177.SH,600177,雅戈尔,浙江,服饰
600183.SH,600183,生益科技,广东,元器件
600188.SH,600188,兖矿能源,山东,煤炭开采
600196.SH,600196,复星医药,上海,化学制药
600208.SH,600208,衢州发展,浙江,全国地产
600219.SH,600219,南山铝业,山东,铝
600221.SH,600221,海航控股,海南,空运
600233.SH,600233,圆通速递,辽宁,仓储物流
600256.SH,600256,广汇能源,新疆,石油开采
600276.SH,600276,恒瑞医药,江苏,化学制药
600282.SH,600282,南钢股份,江苏,普钢
600292.SH,600292,电投水电,重庆,水力发电
600295.SH,600295,鄂尔多斯,内蒙,特种钢
600298.SH,600298,安琪酵母,湖北,食品
600299.SH,600299,安迪苏,北京,饲料
600309.SH,600309,万华化学,山东,化工原料
600312.SH,600312,平高电气,河南,电气设备
600316.SH,600316,洪都航空,江西,航空
600329.SH,600329,达仁堂,天津,中成药
600332.SH,600332,白云山,广东,中成药
600339.SH,600339,中油工程,新疆,石油开采
600346.SH,600346,恒力石化,辽宁,石油加工
600348.SH,600348,华阳股份,山西,煤炭开采
600350.SH,600350,山东高速,山东,路桥
600352.SH,600352,浙江龙盛,浙江,染料涂料
600362.SH,600362,江西铜业,江西,铜
600363.SH,600363,联创光电,江西,元器件
600369.SH,600369,西南证券,重庆,证券
600372.SH,600372,中航机载,北京,航空
600377.SH,600377,宁沪高速,江苏,路桥
600378.SH,600378,昊华科技,四川,化工原料
600380.SH,600380,健康元,深圳,化学制药
600390.SH,600390,五矿资本,湖南,多元金融
600392.SH,600392,盛和资源,四川,小金属
600398.SH,600398,海澜之家,江苏,服饰
600406.SH,600406,国电南瑞,江苏,电气设备
600415.SH,600415,小商品城,浙江,商品城
600426.SH,600426,华鲁恒升,山东,农药化肥
600435.SH,600435,北方导航,北京,专用机械
600436.SH,600436,片仔癀,福建,中成药
600438.SH,600438,通威股份,四川,电气设备
600460.SH,600460,士兰微,浙江,半导体
600482.SH,600482,中国动力,河北,船舶
600483.SH,600483,福能股份,福建,新型电力
600486.SH,600486,扬农化工,江苏,农药化肥
600489.SH,600489,中金黄金,北京,黄金
600497.SH,600497,驰宏锌锗,云南,铅锌
600498.SH,600498,烽火通信,湖北,通信设备
600499.SH,600499,科达制造,广东,专用机械
600511.SH,600511,国药股份,北京,医药商业
600515.SH,600515,海南机场,海南,机场
600516.SH,600516,方大炭素,甘肃,矿物制品
600517.SH,600517,国网英大,上海,多元金融
600519.SH,600519,贵州茅台,贵州,白酒
600521.SH,600521,华海药业,浙江,化学制药
600522.SH,600522,中天科技,江苏,通信设备
600535.SH,600535,天士力,天津,中成药
600536.SH,600536,中国软件,北京,软件服务
600546.SH,600546,山煤国际,山西,煤炭开采
600547.SH,600547,山东黄金,山东,黄金
600549.SH,600549,厦门钨业,福建,小金属
600562.SH,600562,国睿科技,江苏,通信设备
600563.SH,600563,法拉电子,福建,元器件
600566.SH,600566,济川药业,湖北,中成药
600570.SH,600570,恒生电子,浙江,软件服务
600578.SH,600578,京能电力,北京,火力发电
600582.SH,600582,天地科技,北京,专用机械
600583.SH,600583,海油工程,天津,石油开采
600584.SH,600584,长电科技,江苏,半导体
600585.SH,600585,海螺水泥,安徽,水泥
600588.SH,600588,用友网络,北京,软件服务
600595.SH,600595,中孚实业,河南,铝
600598.SH,600598,北大荒,黑龙江,种植业
600600.SH,600600,青岛啤酒,山东,啤酒
600601.SH,600601,方正科技,上海,元器件
600602.SH,600602,云赛智联,上海,软件服务
600606.SH,600606,绿地控股,上海,全国地产
600637.SH,600637,东方明珠,上海,影视音像
600642.SH,600642,申能股份,上海,火力发电
600655.SH,600655,豫园股份,上海,百货
600660.SH,600660,福耀玻璃,福建,汽车配件
600663.SH,600663,陆家嘴,上海,园区开发
600674.SH,600674,川投能源,四川,水力发电
600685.SH,600685,中船防务,广东,船舶
600688.SH,600688,上海石化,上海,石油加工
600690.SH,600690,海尔智家,山东,家用电器
600699.SH,600699,均胜电子,浙江,汽车配件
600704.SH,600704,物产中大,浙江,仓储物流
600707.SH,600707,彩虹股份,陕西,元器件
600711.SH,600711,盛屯矿业,福建,小金属
600737.SH,600737,中粮糖业,新疆,食品
600741.SH,600741,华域汽车,上海,汽车配件
600754.SH,600754,锦江酒店,上海,酒店餐饮
600760.SH,600760,中航沈飞,山东,航空
600763.SH,600763,通策医疗,浙江,医疗保健
600764.SH,600764,中国海防,北京,船舶
600765.SH,600765,中航重机,贵州,航空
600795.SH,600795,国电电力,辽宁,火力发电
600801.SH,600801,华新建材,湖北,水泥
600803.SH,600803,新奥股份,河北,供气供热
600808.SH,600808,马钢股份,安徽,普钢
600809.SH,600809,山西汾酒,山西,白酒
600816.SH,600816,建元信托,上海,多元金融
600820.SH,600820,隧道股份,上海,建筑工程
600845.SH,600845,宝信软件,上海,软件服务
600848.SH,600848,上海临港,上海,园区开发
600862.SH,600862,中航高科,江苏,航空
600863.SH,600863,内蒙华电,内蒙,火力发电
600871.SH,600871,石化油服,北京,石油开采
600873.SH,600873,梅花生物,西藏,食品
600875.SH,600875,东方电气,四川,电气设备
600879.SH,600879,航天电子,湖北,航空
600884.SH,600884,杉杉股份,浙江,电气设备
600885.SH,600885,宏发股份,湖北,电气设备
600886.SH,600886,国投电力,北京,水力发电
600887.SH,600887,伊利股份,内蒙,乳制品
600893.SH,600893,航发动力,陕西,航空
600900.SH,600900,长江电力,北京,水力发电
600901.SH,600901,江苏金租,江苏,多元金融
600905.SH,600905,三峡能源,北京,新型电力
600906.SH,600906,财达证券,河北,证券
600909.SH,600909,华安证券,安徽,证券
600918.SH,600918,中泰证券,山东,证券
600919.SH,600919,江苏银行,江苏,银行
600926.SH,600926,杭州银行,浙江,银行
600927.SH,600927,永安期货,浙江,多元金融
600930.SH,600930,华电新能,福建,新型电力
600938.SH,600938,中国海油,北京,石油开采
600941.SH,600941,中国移动,北京,电信运营
600958.SH,600958,东方证券,上海,证券
600967.SH,600967,内蒙一机,内蒙,运输设备
600968.SH,600968,海油发展,北京,石油开采
600970.SH,600970,中材国际,江苏,建筑工程
600977.SH,600977,中国电影,北京,影视音像
600985.SH,600985,淮北矿业,安徽,煤炭开采
600988.SH,600988,赤峰黄金,内蒙,黄金
600989.SH,600989,宝丰能源,宁夏,化工原料
600995.SH,600995,南网储能,云南,水力发电
600998.SH,600998,九州通,湖北,医药商业
600999.SH,600999,招商证券,深圳,证券
601000.SH,601000,唐山港,河北,港口
601001.SH,601001,晋控煤业,山西,煤炭开采
601006.SH,601006,大秦铁路,山西,铁路
601009.SH,601009,南京银行,江苏,银行
601012.SH,601012,隆基绿能,陕西,电气设备
601016.SH,601016,节能风电,北京,新型电力
601018.SH,601018,宁波港,浙江,港口
601019.SH,601019,山东出版,山东,出版业
601021.SH,601021,春秋航空,上海,空运
601058.SH,601058,赛轮轮胎,山东,汽车配件
601059.SH,601059,信达证券,北京,证券
601066.SH,601066,中信建投,北京,证券
601077.SH,601077,渝农商行,重庆,银行
601088.SH,601088,中国神华,北京,煤炭开采
601098.SH,601098,中南传媒,湖南,出版业
601099.SH,601099,太平洋,云南,证券
601100.SH,601100,恒立液压,江苏,工程机械
601106.SH,601106,中国一重,黑龙江,工程机械
601108.SH,601108,财通证券,浙江,证券
601111.SH,601111,中国国航,北京,空运
601112.SH,601112,振石股份,浙江,玻璃
601117.SH,601117,中国化学,北京,建筑工程
601118.SH,601118,海南橡胶,海南,橡胶
601127.SH,601127,赛力斯,重庆,汽车整车
601128.SH,601128,常熟银行,江苏,银行
601136.SH,601136,首创证券,北京,证券
601138.SH,601138,工业富联,深圳,通信设备
601139.SH,601139,深圳燃气,深圳,供气供热
601155.SH,601155,新城控股,江苏,区域地产
601156.SH,601156,东航物流,上海,仓储物流
601162.SH,601162,天风证券,湖北,证券
601166.SH,601166,兴业银行,福建,银行
601169.SH,601169,北京银行,北京,银行
601179.SH,601179,中国西电,陕西,电气设备
601186.SH,601186,中国铁建,北京,建筑工程
601198.SH,601198,东兴证券,北京,证券
601211.SH,601211,国泰海通,上海,证券
601212.SH,601212,白银有色,甘肃,铜
601216.SH,601216,君正集团,内蒙,化工原料
601225.SH,601225,陕西煤业,陕西,煤炭开采
601228.SH,601228,广州港,广东,港口
601229.SH,601229,上海银行,上海,银行
601233.SH,601233,桐昆股份,浙江,化纤
601236.SH,601236,红塔证券,云南,证券
601238.SH,601238,广汽集团,广东,汽车整车
601288.SH,601288,农业银行,北京,银行
601298.SH,601298,青岛港,山东,港口
601318.SH,601318,中国平安,深圳,保险
601319.SH,601319,中国人保,北京,保险
601328.SH,601328,交通银行,上海,银行
601336.SH,601336,新华保险,北京,保险
601360.SH,601360,三六零,天津,互联网
601377.SH,601377,兴业证券,福建,证券
601390.SH,601390,中国中铁,北京,建筑工程
601398.SH,601398,工商银行,北京,银行
601399.SH,601399,国机重装,四川,工程机械
601456.SH,601456,国联民生,江苏,证券
601555.SH,601555,东吴证券,江苏,证券
601567.SH,601567,三星医疗,浙江,电气设备
601577.SH,601577,长沙银行,湖南,银行
601598.SH,601598,中国外运,北京,仓储物流
601600.SH,601600,中国铝业,北京,铝
601601.SH,601601,中国太保,上海,保险
601607.SH,601607,上海医药,上海,医药商业
601608.SH,601608,中信重工,河南,专用机械
601611.SH,601611,中国核建,上海,建筑工程
601615.SH,601615,明阳智能,广东,电气设备
601618.SH,601618,中国中冶,北京,建筑工程
601628.SH,601628,中国人寿,北京,保险
601633.SH,601633,长城汽车,河北,汽车整车
601658.SH,601658,邮储银行,北京,银行
601665.SH,601665,齐鲁银行,山东,银行
601666.SH,601666,平煤股份,河南,煤炭开采
601668.SH,601668,中国建筑,北京,建筑工程
601669.SH,601669,中国电建,北京,建筑工程
601688.SH,601688,华泰证券,江苏,证券
601689.SH,601689,拓普集团,浙江,汽车配件
601696.SH,601696,中银证券,上海,证券
601698.SH,601698,中国卫通,北京,电信运营
601699.SH,601699,潞安环能,山西,煤炭开采
601717.SH,601717,中创智领,河南,专用机械
601727.SH,601727,上海电气,上海,电气设备
601728.SH,601728,中国电信,北京,电信运营
601766.SH,601766,中国中车,北京,运输设备
601788.SH,601788,光大证券,上海,证券
601799.SH,601799,星宇股份,江苏,汽车配件
601800.SH,601800,中国交建,北京,建筑工程
601808.SH,601808,中海油服,天津,石油开采
601816.SH,601816,京沪高铁,北京,铁路
601818.SH,601818,光大银行,北京,银行
601825.SH,601825,沪农商行,上海,银行
601838.SH,601838,成都银行,四川,银行
601857.SH,601857,中国石油,北京,石油开采
601865.SH,601865,福莱特,浙江,玻璃
601866.SH,601866,中远海发,上海,水运
601868.SH,601868,中国能建,北京,建筑工程
601869.SH,601869,长飞光纤,湖北,通信设备
601872.SH,601872,招商轮船,上海,水运
601877.SH,601877,正泰电器,浙江,电气设备
601878.SH,601878,浙商证券,浙江,证券
601880.SH,601880,辽港股份,辽宁,港口
601881.SH,601881,中国银河,北京,证券
601888.SH,601888,中国中免,北京,旅游服务
601898.SH,601898,中煤能源,北京,煤炭开采
601899.SH,601899,紫金矿业,福建,铜
601901.SH,601901,方正证券,湖南,证券
601916.SH,601916,浙商银行,浙江,银行
601919.SH,601919,中远海控,天津,水运
601928.SH,601928,凤凰传媒,江苏,出版业
601939.SH,601939,建设银行,北京,银行
601958.SH,601958,金钼股份,陕西,小金属
601966.SH,601966,玲珑轮胎,山东,汽车配件
601985.SH,601985,中国核电,北京,新型电力
601988.SH,601988,中国银行,北京,银行
601990.SH,601990,南京证券,江苏,证券
601991.SH,601991,大唐发电,北京,火力发电
601995.SH,601995,中金公司,北京,证券
601997.SH,601997,贵阳银行,贵州,银行
601998.SH,601998,中信银行,北京,银行
603000.SH,603000,人民网,北京,互联网
603019.SH,603019,中科曙光,天津,IT设备
603049.SH,603049,中策橡胶,浙江,汽车配件
603077.SH,603077,和邦生物,四川,化工原料
603087.SH,603087,甘李药业,北京,生物制药
603092.SH,603092,德力佳,江苏,机械基件
603119.SH,603119,浙江荣泰,浙江,汽车配件
603129.SH,603129,春风动力,浙江,摩托车
603156.SH,603156,养元饮品,河北,软饮料
603160.SH,603160,汇顶科技,深圳,半导体
603175.SH,603175,超颖电子,湖北,元器件
603179.SH,603179,新泉股份,江苏,汽车配件
603225.SH,603225,新凤鸣,浙江,化纤
603233.SH,603233,大参林,广东,医药商业
603256.SH,603256,宏和科技,上海,玻璃
603259.SH,603259,药明康德,江苏,化学制药
603260.SH,603260,合盛硅业,浙江,化工原料
603288.SH,603288,海天味业,广东,食品
603290.SH,603290,斯达半导,浙江,半导体
603296.SH,603296,华勤技术,上海,元器件
603298.SH,603298,杭叉集团,浙江,工程机械
603308.SH,603308,应流股份,安徽,机械基件
603338.SH,603338,浙江鼎力,浙江,工程机械
603341.SH,603341,龙旗科技,上海,通信设备
603345.SH,603345,安井食品,福建,食品
603369.SH,603369,今世缘,江苏,白酒
603379.SH,603379,三美股份,浙江,化工原料
603392.SH,603392,万泰生物,北京,生物制药
603444.SH,603444,吉比特,福建,互联网
603486.SH,603486,科沃斯,江苏,家用电器
603501.SH,603501,豪威集团,上海,半导体
603529.SH,603529,爱玛科技,天津,摩托车
603565.SH,603565,中谷物流,上海,水运
603568.SH,603568,伟明环保,浙江,环境保护
603589.SH,603589,口子窖,安徽,白酒
603596.SH,603596,伯特利,安徽,汽车配件
603605.SH,603605,珀莱雅,浙江,日用化工
603606.SH,603606,东方电缆,浙江,电气设备
603650.SH,603650,彤程新材,上海,化工原料
603658.SH,603658,安图生物,河南,医疗保健
603659.SH,603659,璞泰来,上海,化工原料
603688.SH,603688,石英股份,江苏,矿物制品
603699.SH,603699,纽威股份,江苏,机械基件
603728.SH,603728,鸣志电器,上海,电气设备
603737.SH,603737,三棵树,福建,染料涂料
603766.SH,603766,隆鑫通用,重庆,摩托车
603786.SH,603786,科博达,上海,汽车配件
603799.SH,603799,华友钴业,浙江,小金属
603806.SH,603806,福斯特,浙江,塑料
603816.SH,603816,顾家家居,浙江,家居用品
603833.SH,603833,欧派家居,广东,家居用品
603858.SH,603858,步长制药,山东,中成药
603885.SH,603885,吉祥航空,上海,空运
603893.SH,603893,瑞芯微,福建,半导体
603899.SH,603899,晨光股份,上海,文教休闲
603920.SH,603920,世运电路,广东,元器件
603939.SH,603939,益丰药房,湖南,医药商业
603979.SH,603979,金诚信,北京,铜
603986.SH,603986,兆易创新,北京,半导体
603993.SH,603993,洛阳钼业,河南,小金属
605117.SH,605117,德业股份,浙江,电气设备
605358.SH,605358,立昂微,浙江,半导体
605499.SH,605499,东鹏饮料,深圳,软饮料
605589.SH,605589,圣泉集团,山东,化工原料
688002.SH,688002,睿创微纳,山东,通信设备
688008.SH,688008,澜起科技,上海,半导体
688009.SH,688009,中国通号,北京,运输设备
688012.SH,688012,中微公司,上海,半导体
688017.SH,688017,绿的谐波,江苏,机械基件
688018.SH,688018,乐鑫科技,上海,半导体
688019.SH,688019,安集科技,上海,半导体
688027.SH,688027,国盾量子,安徽,通信设备
688036.SH,688036,传音控股,深圳,通信设备
688037.SH,688037,芯源微,辽宁,半导体
688041.SH,688041,海光信息,天津,半导体
688047.SH,688047,龙芯中科,北京,半导体
688052.SH,688052,纳芯微,江苏,半导体
688065.SH,688065,凯赛生物,上海,化工原料
688072.SH,688072,拓荆科技,辽宁,半导体
688082.SH,688082,盛美上海,上海,半导体
688099.SH,688099,晶晨股份,上海,半导体
688111.SH,688111,金山办公,北京,软件服务
688114.SH,688114,华大智造,深圳,医疗保健
688120.SH,688120,华海清科,天津,半导体
688122.SH,688122,西部超导,陕西,小金属
688126.SH,688126,沪硅产业,上海,半导体
688166.SH,688166,博瑞医药,江苏,化学制药
688169.SH,688169,石头科技,北京,家用电器
688172.SH,688172,燕东微,北京,半导体
688180.SH,688180,君实生物-U,上海,生物制药
688183.SH,688183,生益电子,广东,元器件
688187.SH,688187,时代电气,湖南,运输设备
688188.SH,688188,柏楚电子,上海,专用机械
688192.SH,688192,迪哲医药-U,江苏,生物制药
688200.SH,688200,华峰测控,北京,半导体
688213.SH,688213,思特威-W,上海,半导体
688220.SH,688220,翱捷科技-U,上海,半导体
688223.SH,688223,晶科能源,江西,电气设备
688234.SH,688234,天岳先进,山东,半导体
688235.SH,688235,百济神州-U,北京,生物制药
688248.SH,688248,南网科技,广东,电气设备
688256.SH,688256,寒武纪-U,北京,半导体
688266.SH,688266,泽璟制药-U,江苏,生物制药
688271.SH,688271,联影医疗,上海,医疗保健
688278.SH,688278,特宝生物,福建,生物制药
688281.SH,688281,华秦科技,陕西,航空
688295.SH,688295,中复神鹰,江苏,化纤
688297.SH,688297,中无人机,四川,航空
688301.SH,688301,奕瑞科技,上海,医疗保健
688303.SH,688303,大全能源,新疆,电气设备
688313.SH,688313,仕佳光子,河南,通信设备
688318.SH,688318,财富趋势,深圳,软件服务
688322.SH,688322,奥比中光-UW,深圳,元器件
688331.SH,688331,荣昌生物,山东,生物制药
688336.SH,688336,三生国健,上海,生物制药
688343.SH,688343,云天励飞-U,深圳,软件服务
688347.SH,688347,华虹公司,上海,半导体
688349.SH,688349,三一重能,北京,电气设备
688361.SH,688361,中科飞测,深圳,半导体
688363.SH,688363,华熙生物,山东,医疗保健
688375.SH,688375,国博电子,江苏,元器件
688385.SH,688385,复旦微电,上海,半导体
688387.SH,688387,信科移动-U,湖北,通信设备
688396.SH,688396,华润微,江苏,半导体
688411.SH,688411,海博思创,北京,电气设备
688425.SH,688425,铁建重工,湖南,工程机械
688469.SH,688469,芯联集成-U,浙江,半导体
688472.SH,688472,阿特斯,江苏,电气设备
688475.SH,688475,萤石网络,浙江,IT设备
688498.SH,688498,源杰科技,陕西,半导体
688506.SH,688506,百利天恒,四川,化学制药
688520.SH,688520,神州细胞,北京,生物制药
688521.SH,688521,芯原股份,上海,半导体
688538.SH,688538,和辉光电-U,上海,半导体
688561.SH,688561,奇安信-U,北京,软件服务
688563.SH,688563,航材股份,北京,航空
688568.SH,688568,中科星图,北京,软件服务
688578.SH,688578,艾力斯,上海,化学制药
688582.SH,688582,芯动联科,安徽,元器件
688599.SH,688599,天合光能,江苏,电气设备
688608.SH,688608,恒玄科技,上海,半导体
688615.SH,688615,合合信息,上海,软件服务
688617.SH,688617,惠泰医疗,深圳,医疗保健
688629.SH,688629,华丰科技,四川,元器件
688676.SH,688676,金盘科技,海南,电气设备
688692.SH,688692,达梦数据,湖北,软件服务
688702.SH,688702,盛科通信-U,江苏,半导体
688708.SH,688708,佳驰科技,四川,化工原料
688709.SH,688709,成都华微,四川,半导体
688728.SH,688728,格科微,上海,半导体
688772.SH,688772,珠海冠宇,广东,电气设备
688777.SH,688777,中控技术,浙江,专用机械
688778.SH,688778,厦钨新能,福建,电气设备
688819.SH,688819,天能股份,浙江,电气设备
688981.SH,688981,中芯国际,上海,半导体
689009.SH,689009,九号公司-WD,北京,摩托车
